codon,protein1,protein3
CTT,L,Leu
ATG,M,Met
ACA,T,Thr
ACG,T,Thr
ATC,I,Ile
ATA,I,Ile
AGG,R,Arg
CCT,P,Pro
AGC,S,Ser
AGA,R,Arg
ATT,I,Ile
CTG,L,Leu
CTA,L,Leu
CTC,L,Leu
CCG,P,Pro
AGT,S,Ser
CCA,P,Pro
CCC,P,Pro
TAT,Y,Tyr
GGT,G,Gly
CGA,R,Arg
CGC,R,Arg
CGG,R,Arg
GGG,G,Gly
GGA,G,Gly
GGC,G,Gly
TAC,Y,Tyr
CGT,R,Arg
GTA,V,Val
GTC,V,Val
GTG,V,Val
GAG,E,Glu
GTT,V,Val
GAC,D,Asp
AAG,K,Lys
AAA,K,Lys
AAC,N,Asn
ACT,T,Thr
CAT,H,His
AAT,N,Asn
CAC,H,His
CAA,Q,Gln
CAG,Q,Gln
TGT,C,Cys
TCT,S,Ser
GAT,D,Asp
TTT,F,Phe
TGC,C,Cys
TGG,W,Trp
TTC,F,Phe
TCG,S,Ser
TTA,L,Leu
TTG,L,Leu
TCC,S,Ser
GAA,E,Glu
TCA,S,Ser
GCA,A,Ala
GCC,A,Ala
GCG,A,Ala
GCT,A,Ala
ACC,T,Thr
TAA,*,STOP
TAG,*,STOP
TGA,*,STOP